<application>
  <component name="CodeFoldingSettings">
    <option name="COLLAPSE_IMPORTS" value="false" />
    <option name="COLLAPSE_CUSTOM_FOLDING_REGIONS" value="true" />
  </component>
  <component name="CodeInsightSettings">
    <option name="REFORMAT_ON_PASTE" value="1" />
    <option name="INDENT_TO_CARET_ON_PASTE" value="true" />
  </component>
  <component name="EditorSettings">
    <option name="SHOW_QUICK_DOC_ON_MOUSE_OVER_ELEMENT" value="false" />
    <option name="IS_WHEEL_FONTCHANGE_ENABLED" value="true" />
  </component>
  <component name="PythonFoldingSettings">
    <option name="COLLAPSE_SEQUENTIAL_COMMENTS" value="true" />
  </component>
  <component name="TodoConfiguration">
    <pattern case-sensitive="true" pattern="\b(todo|fixme)\b.*" />
    <pattern useCustomColors="true" case-sensitive="true" pattern="\bC\b.*">
      <option name="FOREGROUND" value="215f1b" />
      <option name="FONT_TYPE" value="2" />
    </pattern>
    <pattern useCustomColors="true" case-sensitive="true" pattern="\bchg\b.*">
      <option name="FOREGROUND" value="48071a" />
      <option name="FONT_TYPE" value="2" />
      <option name="ERROR_STRIPE_COLOR" value="54aae3" />
    </pattern>
  </component>
</application>