<keymap version="1" name="Windows copy" parent="$default">
  <action id="$Copy">
    <keyboard-shortcut first-keystroke="ctrl c" />
  </action>
  <action id="ActivateProjectToolWindow">
    <keyboard-shortcut first-keystroke="ctrl p" />
  </action>
  <action id="ActivateStructureToolWindow">
    <keyboard-shortcut first-keystroke="ctrl 2" />
  </action>
  <action id="ActivateTODOToolWindow">
    <keyboard-shortcut first-keystroke="ctrl 3" />
  </action>
  <action id="Arrangement.Alias.Rule.Edit" />
  <action id="Arrangement.Rule.Edit" />
  <action id="ChangesView.Rename">
    <keyboard-shortcut first-keystroke="shift f6" />
  </action>
  <action id="CloseActiveTab" />
  <action id="CloseContent">
    <keyboard-shortcut first-keystroke="ctrl w" />
  </action>
  <action id="CommentByBlockComment" />
  <action id="CommentByLineComment">
    <keyboard-shortcut first-keystroke="ctrl divide" />
    <keyboard-shortcut first-keystroke="ctrl 1" />
  </action>
  <action id="Console.Execute.Multiline" />
  <action id="Console.Jdbc.Execute" />
  <action id="Console.TableResult.EditValue">
    <keyboard-shortcut first-keystroke="enter" />
    <keyboard-shortcut first-keystroke="alt enter" />
  </action>
  <action id="CopyElement" />
  <action id="CopyPaths" />
  <action id="CopyReferencePopupGroup">
    <keyboard-shortcut first-keystroke="ctrl alt c" />
  </action>
  <action id="DatabaseView.CopyDdlAction">
    <keyboard-shortcut first-keystroke="shift ctrl alt g" />
  </action>
  <action id="DatabaseView.CopyTable" />
  <action id="Diff.NextChange" />
  <action id="Diff.PrevChange" />
  <action id="DirDiffMenu.SynchronizeDiff.All" />
  <action id="DuplicatesForm.SendToLeft" />
  <action id="DuplicatesForm.SendToRight" />
  <action id="EditSource">
    <keyboard-shortcut first-keystroke="f4" />
    <mouse-shortcut keystroke="control button1" />
  </action>
  <action id="EditorCodeBlockEnd" />
  <action id="EditorCodeBlockStart" />
  <action id="EditorCopy">
    <keyboard-shortcut first-keystroke="ctrl c" />
  </action>
  <action id="EditorDecreaseFontSize">
    <mouse-shortcut keystroke="control button142" />
  </action>
  <action id="EditorIncreaseFontSize">
    <mouse-shortcut keystroke="control button143" />
  </action>
  <action id="EditorIndentSelection">
    <keyboard-shortcut first-keystroke="ctrl close_bracket" />
  </action>
  <action id="EditorMoveToPageBottom" />
  <action id="EditorMoveToPageTop" />
  <action id="EditorResetFontSize">
    <mouse-shortcut keystroke="control button3" />
  </action>
  <action id="EditorScrollLeft">
    <mouse-shortcut keystroke="shift button143" />
  </action>
  <action id="EditorScrollRight">
    <mouse-shortcut keystroke="shift button142" />
  </action>
  <action id="EditorSelectWord" />
  <action id="EditorSplitLine" />
  <action id="EditorUnindentSelection">
    <keyboard-shortcut first-keystroke="ctrl open_bracket" />
  </action>
  <action id="ExecuteInPyConsoleAction">
    <keyboard-shortcut first-keystroke="ctrl enter" />
  </action>
  <action id="FileChooser.GotoHome" />
  <action id="FileChooser.GotoModule" />
  <action id="FileChooser.GotoProject" />
  <action id="FileChooser.NewFolder">
    <keyboard-shortcut first-keystroke="alt insert" />
  </action>
  <action id="FileChooser.TogglePathShowing" />
  <action id="Git.Rename.Local.Branch">
    <keyboard-shortcut first-keystroke="shift f6" />
  </action>
  <action id="Git.Reword.Commit">
    <keyboard-shortcut first-keystroke="shift f6" />
  </action>
  <action id="GotoBookmark1" />
  <action id="GotoBookmark2" />
  <action id="GotoBookmark3" />
  <action id="GotoChangedFile" />
  <action id="GotoClass" />
  <action id="GotoDeclaration" />
  <action id="GotoNextBookmark">
    <keyboard-shortcut first-keystroke="alt right" />
  </action>
  <action id="GotoNextError" />
  <action id="GotoPreviousBookmark">
    <keyboard-shortcut first-keystroke="alt left" />
  </action>
  <action id="Graph.ApplyCurrentLayout" />
  <action id="HideAllWindows">
    <keyboard-shortcut first-keystroke="ctrl h" />
  </action>
  <action id="IntroduceConstant" />
  <action id="Jdbc.OpenEditor.DDL" />
  <action id="JupyterRunCellAction" />
  <action id="NewElement">
    <keyboard-shortcut first-keystroke="ctrl n" />
  </action>
  <action id="NewScratchFile">
    <keyboard-shortcut first-keystroke="ctrl insert" />
  </action>
  <action id="NextTab">
    <keyboard-shortcut first-keystroke="ctrl page_down" />
  </action>
  <action id="OpenFile">
    <keyboard-shortcut first-keystroke="ctrl o" />
  </action>
  <action id="OverrideMethods" />
  <action id="ParameterInfo" />
  <action id="PreviousTab">
    <keyboard-shortcut first-keystroke="ctrl page_up" />
  </action>
  <action id="PyExecuteCellAction">
    <keyboard-shortcut first-keystroke="f5" />
  </action>
  <action id="QuickDocCopy">
    <keyboard-shortcut first-keystroke="ctrl c" />
  </action>
  <action id="ShelvedChanges.Rename">
    <keyboard-shortcut first-keystroke="shift f6" />
  </action>
  <action id="TodoViewGroupByFlattenPackage" />
  <action id="ToggleBookmark">
    <keyboard-shortcut first-keystroke="ctrl b" />
  </action>
  <action id="TypeHierarchy" />
  <action id="TypeHierarchyBase.BaseOnThisType" />
  <action id="ViewSource" />
  <action id="XDebugger.CopyValue">
    <keyboard-shortcut first-keystroke="ctrl c" />
  </action>
  <action id="XDebugger.EditWatch" />
  <action id="XDebugger.SetValue" />
  <action id="org.intellij.plugins.markdown.ui.actions.styling.ToggleCodeSpanAction" />
</keymap>